timestamp,source,event_type,details
2025-05-01T11:16:42.146364,ADAEngine,Simulation Run,Simulation executed with 5 individuals
2025-05-01T11:16:42.147369,PayPal,Donation,"Received anonymous donation of $1,000"
2025-05-01T11:16:42.148367,Microsite,Contact,New outreach message from an HNWI rep
2025-05-01T11:48:31.535632,ADAEngine,Simulation Run,Simulation executed with 5 individuals
2025-05-01T11:48:31.536695,PayPal,Donation,"Received anonymous donation of $1,000"
2025-05-01T11:48:31.538632,Microsite,Contact,New outreach message from an HNWI rep
2025-05-01T13:44:59.465592,ADAEngine,Simulation Run,Simulation executed with 5 individuals
2025-05-01T13:44:59.469372,NudgeScheduler,Nudge Deployed,"visionary: Support a project shaping ethical influence â€” not by control, but by cognitive resonance."
2025-05-01T13:44:59.471487,PayPal,Donation,Verified $500 donation via PayPal link
2025-05-01T13:44:59.472500,Microsite,Contact,Outreach request from researcher via microsite form
2025-05-01T13:44:59.487201,ADAEngine,Simulation Run,Simulation executed with 5 individuals
2025-05-01T13:44:59.488201,NudgeScheduler,Nudge Deployed,"spiritual: If thoughts are echoes across realities, what does intention mean in a quantum multiverse?"
2025-05-01T14:09:11.272540,ADAEngine,Simulation Run,Simulation executed with 5 individuals
2025-05-01T14:09:11.272540,NudgeScheduler,Nudge Deployed,"spiritual: If thoughts are echoes across realities, what does intention mean in a quantum multiverse?"
2025-05-01T14:09:11.280625,Microsite,Contact,Simulated inquiry after nudge exposure.
2025-05-01T14:09:11.280625,PayPal,Donation,"Simulated $10,000 donation after follow-up."
2025-05-01T14:23:30.063025,ADAEngine,Simulation Run,Simulation executed with 5 individuals
2025-05-01T14:23:30.063025,NudgeScheduler,Nudge Deployed,"spiritual: If thoughts are echoes across realities, what does intention mean in a quantum multiverse?"
2025-05-01T14:23:30.063025,Microsite,Contact,Simulated inquiry after nudge exposure.
2025-05-01T14:23:30.063025,PayPal,Donation,"Simulated $10,000 donation after follow-up."
